{"all_node_data": [[0, 1, "absolute"], [1, 1, "identity"], [2, 1, "identity"], [3, 3, "sigmoid"], [4, 3, "sigmoid"], [5, 3, "sin"], [6, 2, "tanh"], [7, 2, "absolute"], [8, 2, "leakyrelu"], [9, 2, "gaussian"], [10, 2, "sigmoid"], [11, 2, "absolute"], [12, 2, "cosine"], [13, 2, "sigmoid"], [14, 2, "absolute"], [15, 2, "gaussian"], [16, 2, "cosine"], [17, 2, "absolute"], [18, 2, "tanh"], [19, 2, "leakyrelu"], [20, 2, "sin"], [21, 2, "identity"], [22, 2, "identity"], [23, 2, "leakyrelu"], [24, 2, "leakyrelu"], [25, 2, "tanh"], [26, 2, "absolute"], [27, 2, "relu"], [28, 2, "gaussian"], [29, 2, "sin"], [30, 2, "gaussian"], [31, 2, "gaussian"], [32, 2, "leakyrelu"], [33, 2, "inverse"], [34, 2, "sigmoid"], [35, 2, "identity"], [36, 2, "identity"]], "all_weights_list": [[0, 0, 3, -0.5782241536388195], [1, 1, 4, 0.4287064659925085], [2, 2, 5, 0.29828630319876964], [3, 0, 22, -1.4946241534457296], [4, 21, 12, 0.30777514206588075], [5, 9, 25, -1.2213198047296783], [6, 22, 17, 0.4793027235072838], [7, 1, 27, -1.1735513496981964], [8, 15, 10, 0.7309044728050796], [9, 20, 12, 1.4160194724148407], [10, 9, 7, -0.08198287886897823], [11, 0, 4, 0.024937475373404856], [12, 9, 31, 0.9639066572195208], [13, 2, 13, 0.9727092894816867], [14, 29, 15, -1.4616379630315477], [15, 18, 22, -0.16823388890951238], [16, 1, 18, -0.21473593248640852], [17, 1, 28, -0.8633361096360589], [18, 26, 28, 1.1912103241229262], [19, 1, 3, 0.3039697679786018], [20, 20, 26, 1.1380927148647204], [21, 30, 13, 0.6072724284669991], [22, 22, 12, -1.3526245713143952], [23, 32, 20, -2.5660717362341043], [24, 19, 12, 1.5864045222648488], [25, 6, 28, 0.5546504822780148], [26, 15, 17, -0.7895746785798855], [27, 32, 15, -1.4006824807722345], [28, 15, 18, -1.0085361833053068], [29, 8, 5, 1.8796373291118436], [30, 14, 5, -0.161922288700869], [31, 2, 10, 1.0788401332849373], [32, 2, 25, 0.8731383905758455], [33, 27, 26, -0.5988669817559753], [34, 29, 27, -0.27752080016031855], [35, 2, 28, -0.44454260824464253], [36, 25, 20, 1.2918798481310585], [37, 27, 23, 1.346472316678263], [38, 29, 21, 0.06833596784773038], [39, 10, 5, 0.27171510978114244], [40, 31, 15, 0.24132970444391], [41, 12, 26, -0.6447857471144186], [42, 15, 5, -0.09385756811885372], [43, 0, 24, 0.3710074114631383], [44, 8, 7, -2.8809262191966334], [45, 11, 32, 0.09780578356658116], [46, 18, 17, -1.9000840666129508], [47, 27, 28, -0.31171345331397826], [48, 21, 10, 1.735549945322092], [49, 32, 29, 0.24906640734949204], [50, 9, 20, 0.1798867969525299], [51, 32, 16, 1.1038528717863585], [52, 31, 3, -0.8488585052885838], [53, 29, 7, -0.040120984670558316], [54, 17, 19, -0.5499783654401588], [55, 23, 14, -0.7112199152313622], [56, 1, 10, 0.28975255041687514], [57, 2, 9, -0.19291882099449864], [58, 6, 19, -1.2482399127680845], [59, 27, 7, -1.3537062153105086], [60, 23, 31, 0.31022701923621177], [61, 20, 8, -0.43619695670913794], [62, 7, 13, 0.7284980808835733], [63, 23, 19, -0.133560413307509], [64, 11, 6, -0.0172348724824583], [65, 1, 5, 0.8646876701779771], [66, 7, 10, -0.5678118650626179], [67, 12, 28, 0.060546017522589826], [68, 32, 28, -0.33832480257091363], [69, 11, 27, -0.7031016147719403], [70, 10, 17, -0.9351478408702453], [71, 30, 3, 0.12627507770156357], [72, 21, 17, 0.12563005941295893], [73, 27, 16, -1.3599184725435092], [74, 30, 25, 1.5297571183192034], [75, 0, 16, 1.085707916177473], [76, 8, 12, 1.588693391737215], [77, 30, 29, 0.9413970298294909], [78, 31, 12, 0.4147705383156768], [79, 10, 19, -0.2558524790255038], [80, 1, 25, -0.5562222282265515], [81, 32, 6, -0.21690140732557375], [82, 2, 21, 0.43412201944778195], [83, 30, 16, 1.2948262266407187], [84, 16, 13, 0.553537088254819], [85, 20, 6, -2.027026459773579], [86, 28, 30, -0.8646012260800148], [87, 14, 21, 1.7372786923417576], [88, 7, 19, -0.18952417066606508], [89, 17, 8, 1.596470235044702], [90, 2, 15, -0.4941482743215004], [91, 10, 13, -0.35924272170569743], [92, 7, 18, 0.3465787637545307], [93, 13, 6, 0.6623514178887384], [94, 2, 7, -0.10860408706642898], [95, 24, 28, 0.7661671775177049], [96, 17, 29, -0.7833499533852997], [97, 9, 13, 0.7605474513521479], [98, 11, 26, -0.16478849818725178], [99, 27, 5, -0.016987741735540764], [100, 18, 25, 1.0036191734032271], [101, 30, 26, -1.2962095424311417], [102, 13, 5, 0.11257115669622576], [103, 16, 9, -0.738216898790963], [104, 24, 23, -0.1495590319525669], [105, 20, 31, 0.7234467185873316], [106, 24, 30, -0.05746131298189688], [107, 20, 18, 0.4364003427427661], [108, 32, 5, 1.206209787674068], [109, 25, 28, 0.09095111314147798], [110, 14, 12, 0.37371819529448846], [111, 12, 10, 1.0442973169799037], [112, 2, 11, -0.8210318616131831], [113, 26, 10, 0.3782683776649051], [114, 30, 10, -0.6788600910043368], [115, 26, 13, 1.1312726729943887], [116, 1, 15, 2.151024236479438], [117, 11, 10, 0.4603045352215677], [118, 17, 3, 0.28664640370053407], [119, 24, 31, 1.7764009980278652], [120, 8, 19, 0.5054690495215292], [121, 24, 20, -0.03975633995012839], [122, 28, 8, 0.8097592475189491], [123, 30, 9, 0.0038557293353938637], [124, 30, 15, 1.0556885042826945], [125, 6, 18, -0.22872763184828246], [126, 0, 14, -0.1027417537635097], [127, 19, 22, -0.6385841382508164], [128, 2, 17, -1.849488275494307], [129, 27, 13, 0.5077535569419804], [130, 23, 6, 0.30816904255596766], [131, 15, 22, 1.241146608814091], [132, 28, 9, -0.09620429021735297], [133, 13, 12, -0.17138396377291182], [134, 19, 24, 0.3721559434101291], [135, 20, 27, 0.6940846214081319], [136, 26, 4, 1.07523934024084], [137, 26, 24, 0.41588191708028294], [138, 9, 22, -0.5881677025186257], [139, 25, 22, -1.9451242619748188], [140, 1, 13, 1.012849822027228], [141, 6, 4, -0.17449208526569004], [142, 7, 31, 0.6481975784456784], [143, 13, 32, 0.1928388389869708], [144, 26, 8, -0.7076654276120936], [145, 27, 21, 2.154310589391067], [146, 29, 13, -0.17653571940776583], [147, 24, 8, 0.2156233627491206], [148, 12, 23, -0.09322621211804004], [149, 16, 8, -0.9352576829445086], [150, 12, 17, 0.6364799744517696], [151, 2, 23, -0.7329436750445928], [152, 31, 8, 0.23097520515997225], [153, 27, 14, -0.6098223330841268], [154, 26, 22, -2.108495509302563], [155, 2, 24, -0.9195665367020552], [156, 24, 25, 0.11695545443490296], [157, 32, 25, 0.11591862697318138], [158, 23, 10, -0.5694376733254666], [159, 28, 15, 0.4751777858994353], [160, 22, 27, -1.9020173726934992], [161, 27, 31, -0.21143480548895316], [162, 29, 18, 0.5229115144114348], [163, 1, 17, -0.8429517278468085], [164, 29, 20, 0.1427610058815874], [165, 25, 11, -1.7445714053397354], [166, 13, 19, 0.8474380337375795], [167, 21, 9, -0.6263208704876042], [168, 27, 3, 0.9669296092563513], [169, 28, 31, 1.2776623338764583], [170, 16, 4, 0.20878950608009972], [171, 30, 6, -0.25379130526948374], [172, 25, 4, -1.3428873699821433], [173, 31, 32, 1.7045451900478459], [174, 16, 11, -1.0190560764564331], [175, 16, 31, 1.0371423442925012], [176, 20, 30, -0.14893323619615947], [177, 21, 20, -0.9425818280763233], [178, 8, 15, -0.29872468759630266], [179, 8, 21, -1.93806682816484], [180, 32, 24, 1.4423197627114341], [181, 14, 7, 0.6816032674996676], [182, 1, 12, 1.2090382780520903], [183, 27, 9, -0.10180874516122543], [184, 1, 31, 0.7923622697011826], [185, 18, 11, 0.5134140869289763], [186, 20, 16, 0.5576597784154824], [187, 30, 21, 1.0468501912238273], [188, 29, 10, -0.4410852813182926], [189, 23, 28, 0.8708371965902685], [190, 26, 32, 0.739371472539114], [191, 0, 9, -0.9321278964663644], [192, 26, 15, -0.683730842316375], [193, 33, 4, -0.44781515195934485], [194, 2, 33, 0.5440920660418201], [195, 34, 4, 1.3478981766910987], [196, 0, 34, 0.3481563808050298], [197, 35, 4, 1.3478981766910987], [198, 0, 35, 0.3481563808050298], [199, 36, 5, 1.3478981766910987], [200, 2, 36, 0.3481563808050298], [201, 23, 35, 1.3478981766910987]],