{"all_node_data": [[0, 1, "identity"], [1, 1, "identity"], [2, 1, "identity"], [3, 3, "sigmoid"], [4, 3, "sigmoid"], [5, 3, "sigmoid"], [6, 2, "cosine"], [7, 2, "sigmoid"], [8, 2, "cosine"], [9, 2, "inverse"], [10, 2, "leakyrelu"], [11, 2, "inverse"], [12, 2, "tanh"], [13, 2, "sin"], [14, 2, "sigmoid"], [15, 2, "identity"], [16, 2, "tanh"], [17, 2, "leakyrelu"], [18, 2, "tanh"], [19, 2, "gaussian"], [20, 2, "tanh"], [21, 2, "absolute"], [22, 2, "leakyrelu"], [23, 2, "sin"], [24, 2, "absolute"], [25, 2, "sigmoid"], [26, 2, "absolute"], [27, 2, "tanh"], [28, 2, "cosine"], [29, 2, "identity"], [30, 2, "tanh"], [31, 2, "absolute"], [32, 2, "absolute"]], "all_weights_list": [[0, 0, 5, 0.17681898697545906], [1, 1, 3, -1.6677326530717302], [2, 2, 4, 0.4516975291493337], [3, 25, 20, -0.35875736066523545], [4, 2, 7, 1.9814539546743581], [5, 16, 23, -0.4184484031926101], [6, 22, 5, -0.7115906259816431], [7, 0, 10, 0.44585952937829865], [8, 13, 23, -2.335066929284879], [9, 28, 22, -0.7934201881322169], [10, 11, 32, 1.0972585300611548], [11, 20, 7, -0.0281010488858907], [12, 26, 6, 0.43135035991533066], [13, 7, 3, 1.0588678222070091], [14, 20, 4, 0.6316331934498369], [15, 14, 7, 1.8057298230893921], [16, 1, 10, -0.4878354239020415], [17, 28, 10, -1.8592948937708356], [18, 32, 6, 0.421502663776484], [19, 31, 12, -1.1729831753866649], [20, 27, 11, 0.2704314889399405], [21, 31, 15, 1.1412840240287472], [22, 29, 15, -1.1667250468265635], [23, 22, 11, -0.05421505457800879], [24, 20, 29, 1.1809435088132216], [25, 15, 13, 0.2854891826478424], [26, 26, 8, -0.23794730482898524], [27, 6, 31, -2.3999175940631527], [28, 13, 21, -0.18847748873684098], [29, 13, 19, 0.25194179164882496], [30, 11, 4, -0.14567124766538284], [31, 19, 17, 3.187391249345357], [32, 2, 26, -1.0102855267525512], [33, 10, 14, 1.0788558747723527], [34, 10, 20, -0.738622278731499], [35, 13, 3, -0.5545744134367004], [36, 21, 8, 0.731361098732054], [37, 28, 5, 0.23208585476060054], [38, 23, 15, 0.7216485709361266], [39, 27, 21, 0.9871692891617381], [40, 26, 20, -1.748040682841202], [41, 23, 7, 0.24742507092714366], [42, 10, 12, -0.1308062517992929], [43, 28, 26, -0.2463798193704131], [44, 11, 28, -0.5471680712439502], [45, 9, 10, 1.584390619817825], [46, 31, 30, 1.6628796034559898], [47, 11, 13, 0.882040045811306], [48, 24, 30, -1.5354829574520872], [49, 0, 13, -1.101469998851617], [50, 31, 21, -0.3861868759193611], [51, 17, 5, 0.20384743295904978], [52, 30, 4, -1.02047955449678], [53, 7, 26, -0.8403161170908825], [54, 18, 25, 1.115187930850055], [55, 9, 28, -0.15279477153486415], [56, 7, 13, -1.286299260187467], [57, 8, 24, -0.7324937953982378], [58, 18, 3, 1.3775658486086744], [59, 30, 20, -1.5554116465951782], [60, 16, 27, -1.2971108125660105], [61, 20, 8, 2.3731057952575414], [62, 29, 23, 1.3592931894687363], [63, 16, 12, -0.7037390792691526], [64, 31, 29, -1.5681505453343059], [65, 6, 9, 1.5131539111537902], [66, 26, 19, -0.2187494926359941], [67, 28, 19, -0.6219070505248968], [68, 28, 21, 0.9749232518329564], [69, 18, 24, -2.3045171734899164], [70, 29, 12, 0.623339392591985], [71, 11, 18, -0.306205146507221], [72, 12, 18, 0.9275869190866286], [73, 9, 21, 2.067178176756021], [74, 11, 25, 0.8451759612028757]], "node_to_link_data": [[-2, -2, -2, -1, -1, 0, -1, -1, -1, -1, 7, -1, -1, 49, -1, -1, -1, -1, -1, -1, -1, -1, -1, -1, -1, -1, -1, -1, -1, -1, -1, -1, -1], [-2, -2, -2, 1, -1, -1, -1, -1, -1, -1, 16, -1, -1, -1, -1, -1, -1, -1, -1, -1, -1, -1, -1, -1, -1, -1, -1, -1, -1, -1, -1, -1, -1], [-2, -2, -2, -1, 2, -1, -1, 4, -1, -1, -1, -1, -1, -1, -1, -1, -1, -1, -1, -1, -1, -1, -1, -1, -1, -1, 32, -1, -1, -1, -1, -1, -1], [-2, -2, -2, -2, -2, -2, -2, -2, -2, -2, -2, -2, -2, -2, -2, -2, -2, -2, -2, -2, -2, -2, -2, -2, -2, -2, -2, -2, -2, -2, -2, -2, -2], [-2, -2, -2, -2, -2, -2, -2, -2, -2, -2, -2, -2, -2, -2, -2, -2, -2, -2, -2, -2, -2, -2, -2, -2, -2, -2, -2, -2, -2, -2, -2, -2, -2], [-2, -2, -2, -2, -2, -2, -2, -2, -2, -2, -2, -2, -2, -2, -2, -2, -2, -2, -2, -2, -2, -2, -2, -2, -2, -2, -2, -2, -2, -2, -2, -2, -2], [-2, -2, -2, -1, -1, -1, -1, -1, -1, 65, -1, -1, -1, -1, -1, -1, -1, -1, -1, -1, -1, -1, -1, -1, -1, -1, -1, -1, -1, -1, -1, 27, -1], [-2, -2, -2, 13, -1, -1, -1, -1, -1, -1, -1, -1, -1, 56, -1, -1, -1, -1, -1, -1, -1, -1, -1, -1, -1, -1, 53, -1, -1, -1, -1, -1, -1], [-2, -2, -2, -1, -1, -1, -1, -1, -1, -1, -1, -1, -1, -1, -1, -1, -1, -1, -1, -1, -1, -1, -1, -1, 57, -1, -1, -1, -1, -1, -1, -1, -1], [-2, -2, -2, -1, -1, -1, -1, -1, -1, -1, 45, -1, -1, -1, -1, -1, -1, -1, -1, -1, -1, 73, -1, -1, -1, -1, -1, -1, 55, -1, -1, -1, -1], [-2, -2, -2, -1, -1, -1, -1, -1, -1, -1, -1, -1, 42, -1, 33, -1, -1, -1, -1, -1, 34, -1, -1, -1, -1, -1, -1, -1, -1, -1, -1, -1, -1], [-2, -2, -2, -1, 30, -1, -1, -1, -1, -1, -1, -1, -1, 47, -1, -1, -1, -1, 71, -1, -1, -1, -1, -1, -1, 74, -1, -1, 44, -1, -1, -1, 10], [-2, -2, -2, -1, -1, -1, -1, -1, -1, -1, -1, -1, -1, -1, -1, -1, -1, -1, 72, -1, -1, -1, -1, -1, -1, -1, -1, -1, -1, -1, -1, -1, -1], [-2, -2, -2, 35, -1, -1, -1, -1, -1, -1, -1, -1, -1, -1, -1, -1, -1, -1, -1, 29, -1, 28, -1, 8, -1, -1, -1, -1, -1, -1, -1, -1, -1], [-2, -2, -2, -1, -1, -1, -1, 15, -1, -1, -1, -1, -1, -1, -1, -1, -1, -1, -1, -1, -1, -1, -1, -1, -1, -1, -1, -1, -1, -1, -1, -1, -1], [-2, -2, -2, -1, -1, -1, -1, -1, -1, -1, -1, -1, -1, 25, -1, -1, -1, -1, -1, -1, -1, -1, -1, -1, -1, -1, -1, -1, -1, -1, -1, -1, -1], [-2, -2, -2, -1, -1, -1, -1, -1, -1, -1, -1, -1, 63, -1, -1, -1, -1, -1, -1, -1, -1, -1, -1, 5, -1, -1, -1, 60, -1, -1, -1, -1, -1], [-2, -2, -2, -1, -1, 51, -1, -1, -1, -1, -1, -1, -1, -1, -1, -1, -1, -1, -1, -1, -1, -1, -1, -1, -1, -1, -1, -1, -1, -1, -1, -1, -1], [-2, -2, -2, 58, -1, -1, -1, -1, -1, -1, -1, -1, -1, -1, -1, -1, -1, -1, -1, -1, -1, -1, -1, -1, 69, 54, -1, -1, -1, -1, -1, -1, -1], [-2, -2, -2, -1, -1, -1, -1, -1, -1, -1, -1, -1, -1, -1, -1, -1, -1, 31, -1, -1, -1, -1, -1, -1, -1, -1, -1, -1, -1, -1, -1, -1, -1], [-2, -2, -2, -1, 14, -1, -1, 11, 61, -1, -1, -1, -1, -1, -1, -1, -1, -1, -1, -1, -1, -1, -1, -1, -1, -1, -1, -1, -1, 24, -1, -1, -1], [-2, -2, -2, -1, -1, -1, -1, -1, 36, -1, -1, -1, -1, -1, -1, -1, -1, -1, -1, -1, -1, -1, -1, -1, -1, -1, -1, -1, -1, -1, -1, -1, -1], [-2, -2, -2, -1, -1, 6, -1, -1, -1, -1, -1, 23, -1, -1, -1, -1, -1, -1, -1, -1, -1, -1, -1, -1, -1, -1, -1, -1, -1, -1, -1, -1, -1], [-2, -2, -2, -1, -1, -1, -1, 41, -1, -1, -1, -1, -1, -1, -1, 38, -1, -1, -1, -1, -1, -1, -1, -1, -1, -1, -1, -1, -1, -1, -1, -1, -1], [-2, -2, -2, -1, -1, -1, -1, -1, -1, -1, -1, -1, -1, -1, -1, -1, -1, -1, -1, -1, -1, -1, -1, -1, -1, -1, -1, -1, -1, -1, 48, -1, -1], [-2, -2, -2, -1, -1, -1, -1, -1, -1, -1, -1, -1, -1, -1, -1, -1, -1, -1, -1, -1, 3, -1, -1, -1, -1, -1, -1, -1, -1, -1, -1, -1, -1], [-2, -2, -2, -1, -1, -1, 12, -1, 26, -1, -1, -1, -1, -1, -1, -1, -1, -1, -1, 66, 40, -1, -1, -1, -1, -1, -1, -1, -1, -1, -1, -1, -1], [-2, -2, -2, -1, -1, -1, -1, -1, -1, -1, -1, 20, -1, -1, -1, -1, -1, -1, -1, -1, -1, 39, -1, -1, -1, -1, -1, -1, -1, -1, -1, -1, -1], [-2, -2, -2, -1, -1, 37, -1, -1, -1, -1, 17, -1, -1, -1, -1, -1, -1, -1, -1, 67, -1, 68, 9, -1, -1, -1, 43, -1, -1, -1, -1, -1, -1], [-2, -2, -2, -1, -1, -1, -1, -1, -1, -1, -1, -1, 70, -1, -1, 22, -1, -1, -1, -1, -1, -1, -1, 62, -1, -1, -1, -1, -1, -1, -1, -1, -1], [-2, -2, -2, -1, 52, -1, -1, -1, -1, -1, -1, -1, -1, -1, -1, -1, -1, -1, -1, -1, 59, -1, -1, -1, -1, -1, -1, -1, -1, -1, -1, -1, -1], [-2, -2, -2, -1, -1, -1, -1, -1, -1, -1, -1, -1, 19, -1, -1, 21, -1, -1, -1, -1, -1, 50, -1, -1, -1, -1, -1, -1, -1, 64, 46, -1, -1], [-2, -2, -2, -1, -1, -1, 18, -1, -1, -1, -1, -1, -1, -1, -1, -1, -1, -1, -1, -1, -1, -1, -1, -1, -1, -1, -1, -1, -1, -1, -1, -1, -1]]}