{"all_node_data": [[0, 1, "identity"], [1, 1, "identity"], [2, 1, "identity"], [3, 3, "sigmoid"], [4, 3, "sigmoid"], [5, 3, "sigmoid"], [6, 2, "relu"], [7, 2, "leakyrelu"], [8, 2, "inverse"], [9, 2, "tanh"], [10, 2, "sin"], [11, 2, "cosine"], [12, 2, "inverse"], [13, 2, "cosine"], [14, 2, "sigmoid"], [15, 2, "absolute"], [16, 2, "sin"], [17, 2, "cosine"], [18, 2, "relu"], [19, 2, "inverse"], [20, 2, "absolute"], [21, 2, "cosine"], [22, 2, "sigmoid"], [23, 2, "inverse"], [24, 2, "gaussian"], [25, 2, "relu"], [26, 2, "cosine"], [27, 2, "absolute"], [28, 2, "tanh"], [29, 2, "relu"], [30, 2, "relu"], [31, 2, "identity"], [32, 2, "sigmoid"]], "all_weights_list": [[0, 0, 3, 0.17681898697545906], [1, 1, 4, -1.6677326530717302], [2, 2, 5, 0.4516975291493337], [3, 16, 13, -0.35875736066523545], [4, 16, 30, -1.9874928995800858], [5, 12, 23, -0.4184484031926101], [6, 14, 31, -2.335066929284879], [7, 0, 23, 1.8918124361847315], [8, 25, 4, -0.7934201881322169], [9, 17, 25, 0.4128404499987247], [10, 13, 7, 1.0972585300611548], [11, 17, 15, -0.0281010488858907], [12, 19, 31, 0.43135035991533066], [13, 11, 16, 1.0588678222070091], [14, 24, 15, 0.6316331934498369], [15, 29, 23, 1.8057298230893921], [16, 18, 14, -0.4878354239020415], [17, 31, 26, 0.421502663776484], [18, 19, 7, -1.1729831753866649], [19, 8, 11, 0.2704314889399405], [20, 10, 30, 1.1412840240287472], [21, 19, 24, -1.1667250468265635], [22, 31, 21, -0.05421505457800879], [23, 16, 3, 1.1809435088132216], [24, 25, 14, -0.854132613256652], [25, 28, 31, -0.23794730482898524], [26, 15, 7, -2.3999175940631527], [27, 20, 10, -0.18847748873684098], [28, 27, 19, 0.25194179164882496], [29, 6, 27, 1.9642780055535243], [30, 8, 12, -0.14567124766538284], [31, 29, 5, -1.0102855267525512], [32, 1, 31, 1.0788558747723527], [33, 17, 21, -0.738622278731499], [34, 12, 26, 0.23208585476060054], [35, 28, 5, 0.7216485709361266], [36, 25, 8, 0.18839518815644302], [37, 1, 13, 0.6077988561459761], [38, 16, 9, 0.9871692891617381], [39, 28, 18, -1.767947642341827], [40, 25, 22, -0.36343276975761996], [41, 6, 8, 0.24742507092714366], [42, 28, 19, -0.1308062517992929], [43, 10, 27, -0.2463798193704131], [44, 10, 26, -0.9934757143744692], [45, 18, 24, -0.5471680712439502], [46, 24, 22, 0.9838810271566416], [47, 23, 9, 0.882040045811306], [48, 16, 5, 1.7327406929748912], [49, 14, 22, -0.3861868759193611], [50, 6, 18, 0.20384743295904978], [51, 22, 23, -1.02047955449678], [52, 18, 21, -1.5900019103063254], [53, 18, 3, 1.115187930850055], [54, 11, 31, -0.15279477153486415], [55, 12, 15, 0.8194413767641185], [56, 32, 26, -1.286299260187467], [57, 1, 26, -0.29121006324912363], [58, 32, 20, -0.5299440274273383], [59, 13, 32, -1.5554116465951782], [60, 17, 23, -1.2971108125660105], [61, 14, 9, 2.3731057952575414], [62, 13, 19, 1.3592931894687363], [63, 31, 13, -0.5069327404158868], [64, 15, 6, -0.15949211293605903], [65, 2, 9, 2.5174714867883607], [66, 16, 18, -1.5681505453343059], [67, 28, 24, 1.5131539111537902], [68, 29, 19, -0.6219070505248968], [69, 0, 32, 1.1744828865670198], [70, 10, 16, -0.306205146507221], [71, 0, 28, 0.13483568270949783], [72, 20, 22, 1.0602703618945908], [73, 25, 19, 0.8451759612028757], [74, 8, 18, -1.4203891478807813], [75, 31, 23, 0.5364374886435518], [76, 24, 9, 0.19996669405260914], [77, 27, 5, 0.957222742982002], [78, 32, 7, -1.1109584183783676], [79, 20, 4, 1.1241779869338802], [80, 13, 20, 0.04304993151771427], [81, 16, 22, 1.360288705734936], [82, 21, 19, 1.3429811368162738], [83, 17, 26, -1.2316444854579753], [84, 20, 3, -1.4466304514799642], [85, 9, 31, -0.5439792517684703], [86, 18, 29, -0.8671858233295703], [87, 7, 18, -1.3324410069925874], [88, 12, 14, -0.8666671079699682], [89, 17, 6, -0.1648463710898909], [90, 9, 17, -1.6425016858767587], [91, 2, 27, 1.167169602291476], [92, 2, 23, -0.10064841254981165], [93, 18, 20, 0.664306631665357], [94, 10, 4, 0.2591524318084139], [95, 9, 15, 0.3022383901347532], [96, 17, 5, 0.32601011009218994], [97, 8, 19, 0.48416596919864313], [98, 22, 7, -0.3579919854968099], [99, 29, 4, 1.312823349500891], [100, 32, 11, 0.07516060784955546], [101, 20, 27, 0.6562057698763657], [102, 12, 11, 0.5756294212710181], [103, 9, 3, -0.01831896303140258], [104, 0, 5, -0.8998352451139264], [105, 17, 3, -1.10605328164403], [106, 17, 27, -0.25828121352080385], [107, 20, 12, 0.023055069319937904], [108, 27, 9, 1.3548060452284396], [109, 32, 12, 0.3077061446646382], [110, 27, 15, 0.1671436807586342], [111, 8, 29, 0.6900873307641544], [112, 25, 13, -1.0115567793221902], [113, 29, 9, 0.0073556352004061016], [114, 28, 32, -0.7129289082392046], [115, 31, 12, -0.46614904777646415], [116, 1, 6, 0.4951641977978676], [117, 25, 27, -0.1647427335894267], [118, 8, 32, 1.2423071200423115], [119, 25, 20, -0.8687235295433811], [120, 15, 26, -0.9557743981701908], [121, 27, 24, 0.5591209674912848], [122, 1, 16, -0.4677804906793067], [123, 1, 20, -0.4686986743610979], [124, 6, 19, 1.7674070792578354], [125, 16, 17, 1.6211624641848545], [126, 6, 22, -0.5624610296714748], [127, 1, 15, -0.32165163496085203], [128, 22, 26, 0.467632443252148], [129, 12, 3, -0.7075827929108237], [130, 30, 17, -0.4028004620805239], [131, 25, 7, -0.5518789100910645], [132, 6, 9, 0.33040089863140726], [133, 32, 9, -1.3647239697771494], [134, 16, 6, -0.28997596598482134], [135, 6, 13, -0.7855109318816607], [136, 13, 18, -0.4964144236256437], [137, 32, 18, 0.2632038915595898], [138, 2, 11, 1.015191342692481], [139, 29, 27, 0.29839721452793366], [140, 21, 12, -0.3674777737793476], [141, 10, 23, -0.29741734011278126], [142, 27, 28, -1.3632088694013813], [143, 26, 19, -1.0241535371119113], [144, 12, 18, 0.530009618163183], [145, 26, 24, -0.349288379123265], [146, 30, 12, -0.700571856760568], [147, 31, 22, -0.24092586653859868], [148, 9, 7, -0.8259244357062699], [149, 13, 15, 0.5893877195629708], [150, 28, 12, -1.0565164743922537], [151, 21, 5, -0.7729558932642402], [152, 29, 32, 0.7873954712125327], [153, 15, 25, -1.6512760603308096], [154, 14, 21, 0.4503029522261074], [155, 1, 27, -0.1180880705732252], [156, 23, 20, -1.03540927609841], [157, 17, 20, -0.6137451583465295], [158, 23, 21, -1.5243691100420975], [159, 24, 4, 1.6714626749925356], [160, 1, 29, -0.3330538475782772], [161, 17, 11, 0.7025838874373579], [162, 31, 4, -0.26904120101865053]],