{"all_node_data": [[0, 1, "identity"], [1, 1, "identity"], [2, 1, "identity"], [3, 3, "sigmoid"], [4, 3, "sigmoid"], [5, 3, "sigmoid"], [6, 2, "absolute"], [7, 2, "sigmoid"], [8, 2, "absolute"], [9, 2, "identity"], [10, 2, "sigmoid"], [11, 2, "cosine"], [12, 2, "tanh"], [13, 2, "sigmoid"], [14, 2, "inverse"], [15, 2, "sigmoid"], [16, 2, "gaussian"], [17, 2, "cosine"], [18, 2, "leakyrelu"], [19, 2, "absolute"], [20, 2, "absolute"], [21, 2, "sigmoid"], [22, 2, "cosine"], [23, 2, "relu"], [24, 2, "sin"], [25, 2, "absolute"], [26, 2, "sin"], [27, 2, "leakyrelu"], [28, 2, "sin"], [29, 2, "cosine"], [30, 2, "sigmoid"], [31, 2, "sin"], [32, 2, "sin"]], "all_weights_list": [[0, 0, 4, 0.17681898697545906], [1, 1, 5, -1.6677326530717302], [2, 2, 3, 0.4516975291493337], [3, 12, 7, -0.35875736066523545], [4, 24, 32, -1.9874928995800858], [5, 1, 10, -0.7115906259816431], [6, 20, 30, 0.44585952937829865], [7, 1, 9, -2.335066929284879], [8, 21, 3, 1.8918124361847315], [9, 27, 6, 0.4982605658562765], [10, 0, 9, 0.4128404499987247], [11, 28, 3, 1.0972585300611548], [12, 10, 9, -0.0281010488858907], [13, 28, 24, 1.0588678222070091], [14, 21, 19, 0.6316331934498369], [15, 12, 10, 1.8057298230893921], [16, 15, 21, -0.4878354239020415], [17, 0, 15, -1.8592948937708356], [18, 9, 7, 0.421502663776484], [19, 30, 31, -1.1729831753866649], [20, 0, 17, 0.8322981784273628], [21, 22, 12, 1.1412840240287472], [22, 11, 7, -0.47471358389617097], [23, 19, 9, -0.05421505457800879], [24, 29, 28, 0.2854891826478424], [25, 10, 28, -0.4688798989566804], [26, 8, 22, -0.854132613256652], [27, 18, 22, -0.23794730482898524], [28, 9, 22, -2.3999175940631527], [29, 10, 3, -0.24948196053368063], [30, 8, 10, -0.18847748873684098], [31, 23, 31, 1.21353165775447], [32, 20, 25, 0.25194179164882496], [33, 24, 9, 1.9642780055535243], [34, 0, 11, -0.14567124766538284], [35, 31, 4, 3.187391249345357], [36, 11, 9, -1.0102855267525512], [37, 18, 8, -0.738622278731499], [38, 30, 12, -0.5545744134367004], [39, 24, 16, 0.731361098732054], [40, 22, 5, 0.7216485709361266], [41, 24, 27, 0.6077988561459761], [42, 8, 12, 0.9871692891617381], [43, 24, 6, -1.767947642341827], [44, 22, 16, -0.36343276975761996], [45, 20, 26, -1.748040682841202], [46, 7, 5, 0.24742507092714366], [47, 25, 24, -0.1308062517992929], [48, 12, 5, -0.2463798193704131], [49, 0, 6, -0.9934757143744692], [50, 20, 29, -0.5471680712439502], [51, 6, 8, 0.9838810271566416], [52, 14, 17, 1.6628796034559898], [53, 15, 29, 0.882040045811306], [54, 18, 5, -1.5354829574520872], [55, 19, 11, 1.7327406929748912], [56, 9, 6, -1.101469998851617], [57, 8, 19, -0.3861868759193611], [58, 0, 19, 0.20384743295904978], [59, 29, 7, -1.02047955449678], [60, 9, 26, -1.5900019103063254], [61, 22, 29, -0.8403161170908825], [62, 10, 18, -0.15279477153486415], [63, 12, 4, 0.8194413767641185], [64, 30, 8, -1.286299260187467], [65, 31, 14, -0.29121006324912363], [66, 25, 16, -0.7324937953982378], [67, 20, 11, -1.5554116465951782], [68, 13, 7, -1.2971108125660105], [69, 11, 30, 2.3731057952575414], [70, 11, 13, -0.5069327404158868], [71, 7, 30, -0.15949211293605903], [72, 14, 18, 2.5174714867883607], [73, 32, 28, 1.5131539111537902], [74, 20, 7, -0.6219070505248968], [75, 21, 25, -2.3045171734899164], [76, 23, 25, 0.623339392591985], [77, 14, 27, 0.9275869190866286], [78, 31, 17, 0.13483568270949783], [79, 18, 21, 0.8451759612028757], [80, 10, 23, -1.4203891478807813], [81, 27, 12, 0.957222742982002], [82, 7, 10, -1.1109584183783676], [83, 23, 9, 1.1241779869338802], [84, 22, 3, 1.360288705734936], [85, 15, 18, 1.3429811368162738], [86, 6, 29, -1.2316444854579753], [87, 24, 4, -0.5439792517684703], [88, 19, 28, -0.8671858233295703], [89, 16, 29, -1.3324410069925874], [90, 32, 5, -0.22622406213045662], [91, 2, 11, -0.8666671079699682], [92, 14, 23, 1.4139052046460345], [93, 12, 19, -0.6400021858839985], [94, 14, 11, 1.167169602291476], [95, 25, 4, -0.10064841254981165], [96, 26, 14, 0.32601011009218994], [97, 6, 13, 0.48416596919864313], [98, 25, 13, 0.23684137354129128], [99, 19, 27, 0.09173609715635891], [100, 10, 26, -0.3579919854968099], [101, 17, 28, 0.07516060784955546], [102, 0, 30, -0.01831896303140258], [103, 29, 10, -1.966287352344746], [104, 2, 4, -2.14390634835539], [105, 19, 7, -0.5073356248663182], [106, 11, 23, -1.8185724594765944]],