{"all_node_data": [[0, 1, "identity"], [1, 1, "identity"], [2, 1, "identity"], [3, 3, "sigmoid"], [4, 3, "sigmoid"], [5, 3, "sigmoid"], [6, 2, "absolute"], [7, 2, "tanh"], [8, 2, "tanh"], [9, 2, "sin"], [10, 2, "cosine"], [11, 2, "leakyrelu"], [12, 2, "relu"], [13, 2, "tanh"], [14, 2, "gaussian"], [15, 2, "tanh"], [16, 2, "sigmoid"], [17, 2, "cosine"], [18, 2, "inverse"], [19, 2, "relu"], [20, 2, "cosine"], [21, 2, "tanh"], [22, 2, "absolute"], [23, 2, "relu"], [24, 2, "gaussian"], [25, 2, "inverse"], [26, 2, "leakyrelu"], [27, 2, "gaussian"], [28, 2, "leakyrelu"], [29, 2, "cosine"], [30, 2, "sin"], [31, 2, "identity"], [32, 2, "inverse"]], "all_weights_list": [[0, 0, 5, 0.17681898697545906], [1, 1, 3, -1.6677326530717302], [2, 2, 4, 0.4516975291493337], [3, 17, 24, 0.9183207988027544], [4, 29, 32, -1.9874928995800858], [5, 6, 17, 1.9814539546743581], [6, 24, 21, -0.4184484031926101], [7, 26, 3, -0.7115906259816431], [8, 22, 29, 0.44585952937829865], [9, 24, 11, -2.335066929284879], [10, 26, 8, 1.8918124361847315], [11, 12, 15, 0.4982605658562765], [12, 10, 17, -0.7934201881322169], [13, 25, 24, 0.4128404499987247], [14, 21, 19, 1.0972585300611548], [15, 24, 32, -0.0281010488858907], [16, 24, 18, 0.43135035991533066], [17, 7, 19, 1.0588678222070091], [18, 26, 9, 0.6316331934498369], [19, 21, 26, 1.8057298230893921], [20, 29, 12, -0.4878354239020415], [21, 14, 29, -1.8592948937708356], [22, 18, 31, -1.1729831753866649], [23, 29, 27, 0.2704314889399405], [24, 19, 17, 0.8322981784273628], [25, 0, 31, -1.1667250468265635], [26, 12, 16, -0.47471358389617097], [27, 23, 18, -0.05421505457800879], [28, 18, 12, 0.2854891826478424], [29, 13, 22, -0.4688798989566804], [30, 16, 26, -0.23794730482898524], [31, 21, 31, -2.3999175940631527], [32, 16, 22, 1.21353165775447], [33, 20, 17, 0.25194179164882496], [34, 19, 31, 1.9642780055535243], [35, 17, 11, -0.14567124766538284], [36, 20, 30, 3.187391249345357], [37, 23, 28, -1.0102855267525512], [38, 20, 23, -0.738622278731499], [39, 21, 28, -0.5545744134367004], [40, 28, 22, 0.23208585476060054], [41, 23, 31, 0.7216485709361266], [42, 27, 28, 0.6077988561459761], [43, 12, 19, -0.36343276975761996], [44, 1, 7, -1.748040682841202], [45, 16, 14, 0.24742507092714366], [46, 15, 6, -0.1308062517992929], [47, 22, 8, -0.2463798193704131], [48, 31, 24, -0.9934757143744692], [49, 19, 4, -0.5471680712439502], [50, 6, 26, 0.9838810271566416], [51, 24, 9, 0.882040045811306], [52, 26, 28, -1.5354829574520872], [53, 29, 23, 1.7327406929748912], [54, 31, 3, -0.3861868759193611], [55, 16, 4, 0.20384743295904978], [56, 13, 26, -1.02047955449678], [57, 10, 19, -1.5900019103063254], [58, 17, 28, -0.34583532559255015], [59, 6, 10, -0.8403161170908825], [60, 15, 23, 1.115187930850055], [61, 24, 20, -0.15279477153486415], [62, 31, 5, 0.8194413767641185], [63, 25, 27, -1.286299260187467], [64, 10, 30, -0.29121006324912363], [65, 13, 18, -0.7324937953982378], [66, 32, 14, 1.3775658486086744], [67, 15, 20, -0.5299440274273383], [68, 0, 21, -1.5554116465951782], [69, 27, 4, -2.012889302802236], [70, 10, 3, -1.2971108125660105], [71, 19, 29, 2.3731057952575414], [72, 31, 10, -0.7037390792691526], [73, 1, 25, -0.15949211293605903], [74, 30, 23, -1.5681505453343059], [75, 13, 7, 1.5131539111537902], [76, 31, 14, -0.2187494926359941], [77, 12, 6, -0.6219070505248968], [78, 31, 7, 0.9749232518329564], [79, 25, 17, 1.1744828865670198], [80, 21, 8, -2.3045171734899164], [81, 7, 5, 0.623339392591985], [82, 25, 6, 0.9275869190866286], [83, 31, 12, 2.067178176756021], [84, 24, 22, 1.6110790090602658], [85, 26, 23, -1.4203891478807813], [86, 32, 20, 0.5364374886435518], [87, 2, 6, -1.1109584183783676], [88, 6, 5, 1.1241779869338802], [89, 29, 9, 0.04304993151771427], [90, 20, 11, 1.360288705734936], [91, 16, 13, 1.3429811368162738], [92, 14, 19, -1.2316444854579753], [93, 10, 23, -0.5439792517684703], [94, 30, 7, -0.8671858233295703], [95, 0, 9, -1.3324410069925874], [96, 8, 9, -0.3837809644984686], [97, 12, 21, 1.4139052046460345], [98, 7, 22, -0.1648463710898909], [99, 12, 27, -0.6400021858839985], [100, 26, 4, -1.6425016858767587], [101, 14, 13, 1.167169602291476], [102, 20, 29, -0.10064841254981165], [103, 9, 32, 0.664306631665357], [104, 7, 6, 0.3022383901347532], [105, 16, 11, 0.32601011009218994], [106, 26, 29, 0.48416596919864313], [107, 10, 15, 0.23684137354129128], [108, 21, 29, 0.09173609715635891], [109, 15, 30, -0.3579919854968099], [110, 16, 10, 1.312823349500891], [111, 28, 29, 0.07516060784955546], [112, 28, 9, 0.5756294212710181], [113, 0, 13, 0.24288373130307533], [114, 25, 9, -1.966287352344746], [115, 23, 3, -0.4877899092481168], [116, 0, 14, 0.7060835274437699], [117, 2, 22, -1.10605328164403], [118, 27, 6, -0.7859188023570565], [119, 29, 13, -0.25828121352080385], [120, 24, 7, 0.023055069319937904], [121, 15, 3, 1.3548060452284396], [122, 19, 24, 0.1671436807586342], [123, 6, 22, -0.19283616990307403], [124, 27, 5, -1.0115567793221902], [125, 16, 9, -0.7129289082392046], [126, 10, 9, 1.2423071200423115], [127, 22, 4, -0.148581000606639], [128, 23, 24, -0.9557743981701908], [129, 29, 25, 0.5591209674912848], [130, 11, 5, -0.4677804906793067], [131, 30, 11, -0.4686986743610979], [132, 10, 5, 1.7674070792578354], [133, 32, 16, 1.6211624641848545], [134, 17, 14, 2.1440744824501485], [135, 21, 11, 0.467632443252148], [136, 31, 9, 0.6814484881045002], [137, 6, 3, -0.7075827929108237], [138, 23, 4, -1.3647239697771494], [139, 13, 25, -0.7855109318816607], [140, 32, 31, -0.4964144236256437], [141, 27, 8, 1.015191342692481], [142, 23, 16, 0.29839721452793366], [143, 23, 6, -0.29741734011278126], [144, 7, 23, -1.0241535371119113], [145, 28, 14, -0.700571856760568], [146, 7, 10, -1.5605735151807532], [147, 2, 28, 0.5723106553891701], [148, 23, 12, -1.20346700791497], [149, 22, 31, 0.5893877195629708], [150, 30, 29, -1.1053719272696756], [151, 18, 6, -1.0565164743922537], [152, 20, 28, -0.7729558932642402], [153, 20, 4, 0.7873954712125327], [154, 17, 30, 0.4503029522261074], [155, 6, 13, -0.1180880705732252], [156, 12, 4, -1.03540927609841], [157, 28, 5, -0.6137451583465295], [158, 27, 9, -0.3330538475782772], [159, 14, 12, 0.7025838874373579], [160, 17, 29, -0.7166867540829276], [161, 18, 14, -0.09870361134990756], [162, 23, 25, -0.38440710337147166], [163, 29, 3, 2.151703108432878], [164, 16, 19, 1.2056390533359924], [165, 19, 9, 0.804531769189835], [166, 31, 11, 0.5074830274921655], [167, 18, 27, -0.9010461927073169], [168, 30, 21, 0.5462695064757273], [169, 1, 4, -0.2431156969434401], [170, 1, 14, -0.9006619251984583], [171, 0, 22, -0.2058551008721452], [172, 1, 18, -0.5195636582961871], [173, 6, 4, -0.5795057570245903], [174, 7, 27, -1.4292229419614964], [175, 10, 18, 0.05973188498607155], [176, 15, 4, 0.479652145666498], [177, 29, 11, 0.3448015797154647], [178, 29, 4, 0.2647662073504411], [179, 22, 26, -0.622500041315565], [180, 9, 12, 0.5566683941005314], [181, 9, 21, 1.6218426139893518], [182, 8, 20, 0.06427585040144641], [183, 27, 22, 1.5849733239120696], [184, 8, 25, -1.581639506350883], [185, 26, 17, -1.428401662581719], [186, 29, 6, -0.5298926445400298], [187, 29, 10, 0.4545004490355484], [188, 27, 20, 0.6129093109905259], [189, 17, 21, 0.09989399299370225]],