{"all_node_data": [[0, 1, "identity"], [1, 1, "identity"], [2, 1, "identity"], [3, 3, "sigmoid"], [4, 3, "sigmoid"], [5, 3, "sigmoid"], [6, 2, "sin"], [7, 2, "gaussian"], [8, 2, "tanh"], [9, 2, "gaussian"], [10, 2, "identity"], [11, 2, "relu"], [12, 2, "relu"], [13, 2, "sin"], [14, 2, "cosine"], [15, 2, "sigmoid"], [16, 2, "gaussian"], [17, 2, "inverse"], [18, 2, "tanh"], [19, 2, "inverse"], [20, 2, "sigmoid"], [21, 2, "sin"], [22, 2, "identity"], [23, 2, "tanh"], [24, 2, "sin"], [25, 2, "absolute"], [26, 2, "sigmoid"], [27, 2, "inverse"], [28, 2, "tanh"], [29, 2, "sin"], [30, 2, "sin"], [31, 2, "cosine"], [32, 2, "identity"]], "all_weights_list": [[0, 0, 5, 0.17681898697545906], [1, 1, 3, -1.6677326530717302], [2, 2, 4, 0.4516975291493337], [3, 28, 30, 0.9183207988027544], [4, 0, 29, -0.35875736066523545], [5, 15, 24, -1.9874928995800858], [6, 31, 19, -0.7115906259816431], [7, 31, 22, 0.44585952937829865], [8, 25, 30, -2.335066929284879], [9, 0, 25, 1.8918124361847315], [10, 13, 32, 0.4982605658562765], [11, 9, 14, -0.7934201881322169], [12, 16, 10, 0.4128404499987247], [13, 17, 32, 1.0972585300611548], [14, 18, 30, -0.0281010488858907], [15, 9, 25, 0.43135035991533066], [16, 8, 15, 1.0588678222070091], [17, 27, 28, 0.6316331934498369], [18, 10, 4, 1.8057298230893921], [19, 8, 16, -1.8592948937708356], [20, 31, 27, 0.421502663776484], [21, 9, 8, 0.8322981784273628], [22, 6, 7, 1.1412840240287472], [23, 17, 22, -1.1667250468265635], [24, 27, 4, -0.47471358389617097], [25, 9, 4, -0.05421505457800879], [26, 25, 24, 1.1809435088132216], [27, 6, 25, 0.2854891826478424], [28, 17, 3, -0.4688798989566804], [29, 32, 18, -0.854132613256652], [30, 27, 15, -0.23794730482898524], [31, 14, 23, -2.3999175940631527], [32, 7, 28, -0.24948196053368063], [33, 2, 17, -0.18847748873684098], [34, 23, 19, 0.25194179164882496], [35, 9, 21, 1.9642780055535243], [36, 0, 22, -0.14567124766538284], [37, 22, 4, -1.0102855267525512], [38, 24, 16, 1.0788558747723527], [39, 11, 3, -0.738622278731499], [40, 8, 30, -0.5545744134367004], [41, 32, 16, 0.731361098732054], [42, 10, 8, 0.18839518815644302], [43, 13, 17, 0.6077988561459761], [44, 31, 3, 0.9871692891617381], [45, 11, 30, -1.748040682841202], [46, 28, 26, 0.24742507092714366], [47, 13, 23, -0.1308062517992929], [48, 23, 26, -0.2463798193704131], [49, 18, 26, 0.9838810271566416], [50, 30, 29, 1.584390619817825], [51, 16, 30, 1.6628796034559898], [52, 30, 5, 0.882040045811306], [53, 16, 20, -1.5354829574520872], [54, 20, 21, 1.7327406929748912], [55, 12, 13, -0.3861868759193611], [56, 30, 6, 0.20384743295904978], [57, 16, 28, -1.5900019103063254], [58, 9, 23, -0.34583532559255015], [59, 15, 14, 1.115187930850055], [60, 8, 7, -0.15279477153486415], [61, 7, 11, 0.8194413767641185], [62, 2, 28, -1.286299260187467], [63, 24, 19, -0.29121006324912363], [64, 20, 4, -0.7324937953982378], [65, 14, 17, 1.3775658486086744], [66, 19, 10, -0.5299440274273383], [67, 26, 31, -1.2971108125660105], [68, 11, 5, 2.3731057952575414], [69, 10, 23, -0.5069327404158868], [70, 6, 11, -0.7037390792691526], [71, 8, 25, -0.15949211293605903], [72, 29, 27, 2.5174714867883607], [73, 29, 13, -1.5681505453343059], [74, 12, 31, 1.5131539111537902], [75, 30, 3, -0.2187494926359941], [76, 32, 31, -0.6219070505248968], [77, 28, 14, 0.9749232518329564], [78, 25, 4, 1.1744828865670198], [79, 21, 7, -2.3045171734899164], [80, 28, 9, 0.9275869190866286], [81, 10, 9, 0.5765216715159495], [82, 2, 15, 2.067178176756021], [83, 17, 26, 0.8451759612028757], [84, 27, 19, 1.6110790090602658], [85, 25, 32, 0.5364374886435518], [86, 20, 5, -0.22577620166095252], [87, 14, 13, 0.957222742982002], [88, 19, 22, -1.1109584183783676], [89, 9, 29, 0.04304993151771427], [90, 6, 19, 1.3429811368162738], [91, 0, 18, -1.2316444854579753], [92, 18, 3, -0.5439792517684703], [93, 14, 24, -1.3324410069925874], [94, 16, 22, -0.3837809644984686], [95, 16, 15, -0.1648463710898909], [96, 28, 22, -0.6400021858839985], [97, 22, 25, -1.6425016858767587], [98, 26, 22, -0.10064841254981165], [99, 20, 14, 0.32601011009218994], [100, 18, 12, 0.23684137354129128], [101, 30, 14, 0.09173609715635891], [102, 26, 10, -0.3579919854968099], [103, 20, 9, 1.312823349500891], [104, 7, 26, 0.6562057698763657], [105, 20, 30, -0.01831896303140258], [106, 27, 25, 0.24288373130307533], [107, 12, 3, -0.4877899092481168], [108, 18, 17, -2.14390634835539], [109, 18, 31, -0.5073356248663182], [110, 21, 29, -0.7859188023570565], [111, 7, 3, -0.25828121352080385], [112, 8, 20, 0.023055069319937904], [113, 10, 17, 1.3548060452284396], [114, 1, 32, 0.3077061446646382], [115, 26, 9, -1.1912510813133164], [116, 2, 18, 0.1671436807586342]],