{"all_node_data": [[0, 1, "identity"], [1, 1, "identity"], [2, 1, "identity"], [3, 3, "sigmoid"], [4, 3, "sigmoid"], [5, 3, "sigmoid"], [6, 2, "leakyrelu"], [7, 2, "cosine"], [8, 2, "identity"], [9, 2, "relu"], [10, 2, "relu"], [11, 2, "tanh"], [12, 2, "identity"], [13, 2, "relu"], [14, 2, "sin"], [15, 2, "leakyrelu"], [16, 2, "tanh"], [17, 2, "gaussian"], [18, 2, "inverse"], [19, 2, "identity"], [20, 2, "gaussian"], [21, 2, "inverse"], [22, 2, "inverse"], [23, 2, "relu"], [24, 2, "inverse"], [25, 2, "gaussian"], [26, 2, "sigmoid"], [27, 2, "inverse"], [28, 2, "relu"], [29, 2, "relu"], [30, 2, "identity"], [31, 2, "sin"], [32, 2, "absolute"]], "all_weights_list": [[0, 0, 5, 0.17681898697545906], [1, 1, 3, -1.6677326530717302], [2, 2, 4, 0.4516975291493337], [3, 30, 15, 0.9183207988027544], [4, 8, 27, -0.35875736066523545], [5, 14, 10, -1.9874928995800858], [6, 28, 14, 1.9814539546743581], [7, 30, 20, -0.4184484031926101], [8, 32, 3, -0.7115906259816431], [9, 6, 11, 0.44585952937829865], [10, 29, 31, -2.335066929284879], [11, 1, 10, 1.8918124361847315], [12, 30, 17, 0.4982605658562765], [13, 2, 27, -0.7934201881322169], [14, 1, 23, 0.4128404499987247], [15, 25, 22, 1.0972585300611548], [16, 23, 25, 0.43135035991533066], [17, 0, 8, 0.6316331934498369], [18, 8, 12, 1.8057298230893921], [19, 28, 22, -0.4878354239020415], [20, 17, 23, 0.421502663776484], [21, 29, 12, 0.2704314889399405], [22, 16, 3, 0.8322981784273628], [23, 7, 14, 1.1412840240287472], [24, 9, 16, -1.1667250468265635], [25, 2, 28, -0.05421505457800879], [26, 0, 30, 1.1809435088132216], [27, 15, 22, 0.2854891826478424], [28, 25, 20, -0.4688798989566804], [29, 10, 31, -0.854132613256652], [30, 2, 10, -0.23794730482898524], [31, 16, 14, -2.3999175940631527], [32, 28, 26, -0.24948196053368063], [33, 27, 25, -0.18847748873684098], [34, 7, 4, 0.25194179164882496], [35, 24, 29, 1.9642780055535243], [36, 7, 18, -0.14567124766538284], [37, 25, 31, 3.187391249345357], [38, 7, 5, -1.0102855267525512], [39, 24, 6, 1.0788558747723527], [40, 17, 20, -0.738622278731499], [41, 11, 8, -0.5545744134367004], [42, 29, 20, 0.731361098732054], [43, 10, 4, 0.23208585476060054], [44, 31, 15, 0.7216485709361266], [45, 25, 30, 0.18839518815644302], [46, 25, 13, 0.6077988561459761], [47, 23, 24, 0.9871692891617381], [48, 10, 21, -1.767947642341827], [49, 32, 19, -0.36343276975761996], [50, 14, 32, -1.748040682841202], [51, 2, 3, -0.1308062517992929], [52, 28, 23, -0.9934757143744692], [53, 6, 13, -0.5471680712439502], [54, 31, 20, 1.584390619817825], [55, 16, 18, 1.6628796034559898], [56, 9, 11, -1.5354829574520872], [57, 18, 17, 1.7327406929748912], [58, 29, 27, -1.101469998851617], [59, 20, 24, -1.02047955449678], [60, 22, 21, -1.5900019103063254], [61, 9, 4, -0.34583532559255015], [62, 15, 27, -0.8403161170908825], [63, 19, 11, 1.115187930850055], [64, 10, 25, -0.15279477153486415], [65, 15, 4, 0.8194413767641185], [66, 7, 22, -1.286299260187467], [67, 14, 11, -0.29121006324912363], [68, 2, 7, -0.7324937953982378], [69, 2, 12, -0.5299440274273383], [70, 26, 10, -1.2971108125660105], [71, 18, 20, 2.3731057952575414], [72, 10, 5, -0.5069327404158868], [73, 22, 11, -0.7037390792691526], [74, 11, 7, -0.15949211293605903], [75, 16, 25, 2.5174714867883607], [76, 1, 9, -1.5681505453343059], [77, 8, 22, 1.5131539111537902], [78, 2, 5, -0.2187494926359941], [79, 29, 28, -0.6219070505248968], [80, 7, 20, 0.9749232518329564], [81, 25, 26, -2.3045171734899164], [82, 28, 6, 0.623339392591985], [83, 27, 30, -0.306205146507221], [84, 7, 15, 0.9275869190866286], [85, 10, 28, 0.5765216715159495], [86, 9, 12, 0.13483568270949783], [87, 11, 23, 1.0602703618945908], [88, 17, 27, 0.8451759612028757], [89, 13, 12, -1.4203891478807813], [90, 9, 29, 0.5364374886435518], [91, 8, 32, 0.19996669405260914], [92, 16, 10, 0.957222742982002], [93, 9, 21, -1.1109584183783676], [94, 27, 12, 1.1241779869338802], [95, 23, 20, 0.04304993151771427], [96, 26, 12, 1.360288705734936], [97, 1, 28, -1.4466304514799642], [98, 1, 4, -0.8671858233295703], [99, 14, 4, -0.3837809644984686], [100, 12, 24, -0.22622406213045662], [101, 8, 25, -0.8666671079699682], [102, 20, 12, 1.4139052046460345], [103, 25, 12, -0.6400021858839985], [104, 0, 10, -0.10064841254981165], [105, 21, 30, 0.664306631665357], [106, 32, 4, 0.2591524318084139], [107, 12, 11, 0.3022383901347532], [108, 23, 6, 0.48416596919864313], [109, 8, 3, 0.23684137354129128], [110, 12, 21, 0.09173609715635891], [111, 25, 4, -0.3579919854968099], [112, 20, 8, 0.7479409082553403], [113, 31, 26, 0.24288373130307533], [114, 2, 23, -1.966287352344746], [115, 12, 32, -2.14390634835539], [116, 24, 25, -0.5073356248663182], [117, 1, 13, 0.7060835274437699], [118, 0, 28, -1.10605328164403], [119, 17, 29, 0.023055069319937904], [120, 16, 6, 1.3548060452284396], [121, 11, 4, 0.3077061446646382], [122, 6, 8, 0.1671436807586342], [123, 28, 7, 0.6900873307641544], [124, 16, 13, -1.0115567793221902], [125, 24, 31, 0.0073556352004061016], [126, 0, 19, -0.7129289082392046], [127, 1, 7, 0.4951641977978676], [128, 24, 13, 1.2423071200423115], [129, 21, 7, -0.8687235295433811], [130, 15, 8, -0.9557743981701908], [131, 20, 15, 0.5591209674912848], [132, 21, 8, -0.44984302990502617], [133, 10, 13, -0.4686986743610979], [134, 24, 15, 1.7674070792578354], [135, 26, 17, 0.467632443252148], [136, 17, 8, 0.6814484881045002], [137, 12, 17, -0.7075827929108237], [138, 7, 27, -0.4028004620805239], [139, 10, 29, -0.4964144236256437], [140, 22, 18, 0.2632038915595898], [141, 1, 8, 0.29839721452793366], [142, 2, 22, -0.3674777737793476], [143, 17, 6, -0.29741734011278126], [144, 2, 17, -1.3632088694013813], [145, 18, 23, 0.530009618163183], [146, 26, 11, -0.349288379123265], [147, 7, 32, -1.5605735151807532], [148, 2, 24, -1.20346700791497], [149, 27, 20, -0.8259244357062699], [150, 8, 4, -1.1053719272696756], [151, 24, 27, -0.7729558932642402], [152, 21, 16, 0.7873954712125327], [153, 32, 11, -1.6512760603308096], [154, 0, 18, 0.4503029522261074], [155, 14, 17, -0.1180880705732252], [156, 30, 14, -1.0153824832827842], [157, 31, 14, -0.6137451583465295], [158, 10, 8, -0.31210163712686895], [159, 15, 5, -1.5243691100420975], [160, 18, 5, 1.6714626749925356], [161, 19, 7, -0.3330538475782772], [162, 12, 16, -1.1050824063179139], [163, 28, 3, -0.6281465277539388], [164, 16, 8, -0.09870361134990756], [165, 30, 16, 2.151703108432878], [166, 31, 3, 2.889454807395381], [167, 23, 13, -0.26211349996926153], [168, 0, 12, 1.2056390533359924], [169, 10, 11, 0.804531769189835], [170, 11, 18, 0.5074830274921655], [171, 9, 22, 0.5462695064757273], [172, 9, 13, 0.9721593519683585], [173, 18, 27, -0.2431156969434401], [174, 28, 27, -0.2058551008721452], [175, 2, 14, -0.45321501870970393], [176, 30, 24, 0.40183400427727217], [177, 15, 14, 0.25816174156579325], [178, 21, 32, -0.5195636582961871], [179, 22, 13, -0.13357385881141168], [180, 0, 21, 0.15042152601332742], [181, 15, 16, 0.619717066548682], [182, 2, 6, 0.0025443731382665084], [183, 16, 20, 0.05973188498607155], [184, 1, 19, 0.479652145666498], [185, 29, 11, 0.2647662073504411], [186, 30, 4, -0.622500041315565], [187, 27, 22, -0.5404661892919069], [188, 23, 8, 0.7218769554255055], [189, 30, 9, 1.6218426139893518], [190, 2, 9, 1.5849733239120696]],