{"all_node_data": [[0, 1, "identity"], [1, 1, "identity"], [2, 1, "identity"], [3, 3, "sigmoid"], [4, 3, "sigmoid"], [5, 3, "sigmoid"], [6, 2, "sigmoid"], [7, 2, "tanh"], [8, 2, "gaussian"], [9, 2, "cosine"], [10, 2, "tanh"], [11, 2, "relu"], [12, 2, "inverse"], [13, 2, "gaussian"], [14, 2, "tanh"], [15, 2, "identity"], [16, 2, "tanh"], [17, 2, "cosine"], [18, 2, "cosine"], [19, 2, "cosine"], [20, 2, "relu"], [21, 2, "relu"], [22, 2, "relu"], [23, 2, "relu"], [24, 2, "sigmoid"], [25, 2, "gaussian"], [26, 2, "identity"], [27, 2, "sigmoid"], [28, 2, "identity"], [29, 2, "tanh"], [30, 2, "leakyrelu"], [31, 2, "inverse"], [32, 2, "sin"]], "all_weights_list": [[0, 0, 4, 0.17681898697545906], [1, 1, 5, -1.6677326530717302], [2, 2, 3, 0.4516975291493337], [3, 21, 23, 0.9183207988027544], [4, 8, 23, -0.35875736066523545], [5, 16, 23, -1.9874928995800858], [6, 27, 18, 1.9814539546743581], [7, 24, 21, -0.4184484031926101], [8, 14, 9, 0.44585952937829865], [9, 23, 6, -2.335066929284879], [10, 22, 18, 1.8918124361847315], [11, 28, 9, -0.7934201881322169], [12, 24, 11, 0.4128404499987247], [13, 26, 19, -0.0281010488858907], [14, 16, 28, 1.0588678222070091], [15, 9, 5, 0.6316331934498369], [16, 12, 24, 1.8057298230893921], [17, 22, 9, -0.4878354239020415], [18, 19, 31, 0.421502663776484], [19, 24, 26, -1.1729831753866649], [20, 13, 31, 1.1412840240287472], [21, 16, 25, -1.1667250468265635], [22, 8, 22, -0.47471358389617097], [23, 31, 29, -0.05421505457800879], [24, 12, 26, 1.1809435088132216], [25, 27, 3, 0.2854891826478424], [26, 13, 21, -0.854132613256652], [27, 23, 10, -2.3999175940631527], [28, 18, 6, -0.18847748873684098], [29, 2, 32, 1.21353165775447], [30, 26, 17, 0.25194179164882496], [31, 32, 24, 1.9642780055535243], [32, 29, 11, 3.187391249345357], [33, 0, 9, -0.738622278731499], [34, 22, 32, -0.5545744134367004], [35, 29, 15, 0.23208585476060054], [36, 15, 19, 0.7216485709361266], [37, 7, 26, 0.18839518815644302], [38, 22, 5, 0.6077988561459761], [39, 10, 28, 0.9871692891617381], [40, 30, 10, -1.767947642341827], [41, 7, 17, -0.36343276975761996], [42, 30, 16, 0.24742507092714366], [43, 17, 9, -0.2463798193704131], [44, 12, 4, -0.9934757143744692], [45, 13, 30, -0.5471680712439502], [46, 6, 22, 1.584390619817825], [47, 10, 9, 0.882040045811306], [48, 29, 25, 1.7327406929748912], [49, 13, 10, 0.20384743295904978], [50, 23, 7, -1.02047955449678], [51, 20, 29, -1.5900019103063254], [52, 22, 3, -0.34583532559255015], [53, 9, 15, 1.115187930850055], [54, 18, 28, 0.8194413767641185], [55, 1, 16, -1.286299260187467], [56, 1, 22, -0.29121006324912363], [57, 13, 14, -0.7324937953982378], [58, 16, 14, -0.5299440274273383], [59, 29, 9, -2.012889302802236], [60, 24, 9, -1.2971108125660105], [61, 13, 27, 2.3731057952575414], [62, 14, 11, 1.3592931894687363], [63, 18, 19, -0.5069327404158868], [64, 26, 20, -0.7037390792691526], [65, 8, 19, -0.15949211293605903], [66, 29, 5, 2.5174714867883607], [67, 30, 6, -1.5681505453343059], [68, 29, 27, 1.5131539111537902], [69, 17, 8, -0.2187494926359941], [70, 9, 4, -0.6219070505248968], [71, 15, 6, 0.623339392591985], [72, 15, 22, -0.306205146507221], [73, 19, 17, 0.9275869190866286], [74, 23, 30, 0.5765216715159495], [75, 23, 25, 2.067178176756021], [76, 7, 25, 1.0602703618945908], [77, 17, 22, -1.4203891478807813], [78, 18, 15, 0.5364374886435518], [79, 1, 30, -0.22577620166095252], [80, 8, 15, 0.19996669405260914], [81, 11, 28, -1.1109584183783676], [82, 31, 16, 1.1241779869338802], [83, 14, 18, 0.04304993151771427], [84, 10, 11, -1.2316444854579753], [85, 2, 15, -0.5439792517684703], [86, 12, 22, -0.3837809644984686], [87, 15, 10, -0.22622406213045662], [88, 32, 13, -0.6400021858839985], [89, 14, 25, 0.3022383901347532]], "node_to_link_data": [[-2, -2, -2, -1, 0, -1, -1, -1, -1, 33, -1, -1, -1, -1, -1, -1, -1, -1, -1, -1, -1, -1, -1, -1, -1, -1, -1, -1, -1, -1, -1, -1, -1], [-2, -2, -2, -1, -1, 1, -1, -1, -1, -1, -1, -1, -1, -1, -1, -1, 55, -1, -1, -1, -1, -1, 56, -1, -1, -1, -1, -1, -1, -1, 79, -1, -1], [-2, -2, -2, 2, -1, -1, -1, -1, -1, -1, -1, -1, -1, -1, -1, 85, -1, -1, -1, -1, -1, -1, -1, -1, -1, -1, -1, -1, -1, -1, -1, -1, 29], [-2, -2, -2, -2, -2, -2, -2, -2, -2, -2, -2, -2, -2, -2, -2, -2, -2, -2, -2, -2, -2, -2, -2, -2, -2, -2, -2, -2, -2, -2, -2, -2, -2], [-2, -2, -2, -2, -2, -2, -2, -2, -2, -2, -2, -2, -2, -2, -2, -2, -2, -2, -2, -2, -2, -2, -2, -2, -2, -2, -2, -2, -2, -2, -2, -2, -2], [-2, -2, -2, -2, -2, -2, -2, -2, -2, -2, -2, -2, -2, -2, -2, -2, -2, -2, -2, -2, -2, -2, -2, -2, -2, -2, -2, -2, -2, -2, -2, -2, -2], [-2, -2, -2, -1, -1, -1, -1, -1, -1, -1, -1, -1, -1, -1, -1, -1, -1, -1, -1, -1, -1, -1, 46, -1, -1, -1, -1, -1, -1, -1, -1, -1, -1], [-2, -2, -2, -1, -1, -1, -1, -1, -1, -1, -1, -1, -1, -1, -1, -1, -1, 41, -1, -1, -1, -1, -1, -1, -1, 76, 37, -1, -1, -1, -1, -1, -1], [-2, -2, -2, -1, -1, -1, -1, -1, -1, -1, -1, -1, -1, -1, -1, 80, -1, -1, -1, 65, -1, -1, 22, 4, -1, -1, -1, -1, -1, -1, -1, -1, -1], [-2, -2, -2, -1, 70, 15, -1, -1, -1, -1, -1, -1, -1, -1, -1, 53, -1, -1, -1, -1, -1, -1, -1, -1, -1, -1, -1, -1, -1, -1, -1, -1, -1], [-2, -2, -2, -1, -1, -1, -1, -1, -1, 47, -1, 84, -1, -1, -1, -1, -1, -1, -1, -1, -1, -1, -1, -1, -1, -1, -1, -1, 39, -1, -1, -1, -1], [-2, -2, -2, -1, -1, -1, -1, -1, -1, -1, -1, -1, -1, -1, -1, -1, -1, -1, -1, -1, -1, -1, -1, -1, -1, -1, -1, -1, 81, -1, -1, -1, -1], [-2, -2, -2, -1, 44, -1, -1, -1, -1, -1, -1, -1, -1, -1, -1, -1, -1, -1, -1, -1, -1, -1, 86, -1, 16, -1, 24, -1, -1, -1, -1, -1, -1], [-2, -2, -2, -1, -1, -1, -1, -1, -1, -1, 49, -1, -1, -1, 57, -1, -1, -1, -1, -1, -1, 26, -1, -1, -1, -1, -1, 61, -1, -1, 45, 20, -1], [-2, -2, -2, -1, -1, -1, -1, -1, -1, 8, -1, 62, -1, -1, -1, -1, -1, -1, 83, -1, -1, -1, -1, -1, -1, 89, -1, -1, -1, -1, -1, -1, -1], [-2, -2, -2, -1, -1, -1, 71, -1, -1, -1, 87, -1, -1, -1, -1, -1, -1, -1, -1, 36, -1, -1, 72, -1, -1, -1, -1, -1, -1, -1, -1, -1, -1], [-2, -2, -2, -1, -1, -1, -1, -1, -1, -1, -1, -1, -1, -1, 58, -1, -1, -1, -1, -1, -1, -1, -1, 5, -1, 21, -1, -1, 14, -1, -1, -1, -1], [-2, -2, -2, -1, -1, -1, -1, -1, 69, 43, -1, -1, -1, -1, -1, -1, -1, -1, -1, -1, -1, -1, 77, -1, -1, -1, -1, -1, -1, -1, -1, -1, -1], [-2, -2, -2, -1, -1, -1, 28, -1, -1, -1, -1, -1, -1, -1, -1, 78, -1, -1, -1, 63, -1, -1, -1, -1, -1, -1, -1, -1, 54, -1, -1, -1, -1], [-2, -2, -2, -1, -1, -1, -1, -1, -1, -1, -1, -1, -1, -1, -1, -1, -1, 73, -1, -1, -1, -1, -1, -1, -1, -1, -1, -1, -1, -1, -1, 18, -1], [-2, -2, -2, -1, -1, -1, -1, -1, -1, -1, -1, -1, -1, -1, -1, -1, -1, -1, -1, -1, -1, -1, -1, -1, -1, -1, -1, -1, -1, 51, -1, -1, -1], [-2, -2, -2, -1, -1, -1, -1, -1, -1, -1, -1, -1, -1, -1, -1, -1, -1, -1, -1, -1, -1, -1, -1, 3, -1, -1, -1, -1, -1, -1, -1, -1, -1], [-2, -2, -2, 52, -1, 38, -1, -1, -1, 17, -1, -1, -1, -1, -1, -1, -1, -1, 10, -1, -1, -1, -1, -1, -1, -1, -1, -1, -1, -1, -1, -1, 34], [-2, -2, -2, -1, -1, -1, 9, 50, -1, -1, 27, -1, -1, -1, -1, -1, -1, -1, -1, -1, -1, -1, -1, -1, -1, 75, -1, -1, -1, -1, 74, -1, -1], [-2, -2, -2, -1, -1, -1, -1, -1, -1, 60, -1, 12, -1, -1, -1, -1, -1, -1, -1, -1, -1, 7, -1, -1, -1, -1, 19, -1, -1, -1, -1, -1, -1], [-2, -2, -2, -1, -1, -1, -1, -1, -1, -1, -1, -1, -1, -1, -1, -1, -1, -1, -1, -1, -1, -1, -1, -1, -1, -1, -1, -1, -1, -1, -1, -1, -1], [-2, -2, -2, -1, -1, -1, -1, -1, -1, -1, -1, -1, -1, -1, -1, -1, -1, 30, -1, 13, 64, -1, -1, -1, -1, -1, -1, -1, -1, -1, -1, -1, -1], [-2, -2, -2, 25, -1, -1, -1, -1, -1, -1, -1, -1, -1, -1, -1, -1, -1, -1, 6, -1, -1, -1, -1, -1, -1, -1, -1, -1, -1, -1, -1, -1, -1], [-2, -2, -2, -1, -1, -1, -1, -1, -1, 11, -1, -1, -1, -1, -1, -1, -1, -1, -1, -1, -1, -1, -1, -1, -1, -1, -1, -1, -1, -1, -1, -1, -1], [-2, -2, -2, -1, -1, 66, -1, -1, -1, 59, -1, 32, -1, -1, -1, 35, -1, -1, -1, -1, -1, -1, -1, -1, -1, 48, -1, 68, -1, -1, -1, -1, -1], [-2, -2, -2, -1, -1, -1, 67, -1, -1, -1, 40, -1, -1, -1, -1, -1, 42, -1, -1, -1, -1, -1, -1, -1, -1, -1, -1, -1, -1, -1, -1, -1, -1], [-2, -2, -2, -1, -1, -1, -1, -1, -1, -1, -1, -1, -1, -1, -1, -1, 82, -1, -1, -1, -1, -1, -1, -1, -1, -1, -1, -1, -1,